text,competency
I managed a team of 5 people in a high-stress environment.,Leadership
"As a manager, I lead my team with vision and inspire them to achieve their best.",Leadership
Effective delegation is crucial for efficient project management.,Leadership
Her ability to strategize and innovate has transformed our company's direction.,Leadership
A true leader empowers their team and motivates them to excel.,Leadership
Good decision-making skills are essential for anyone in a leadership position.,Leadership
She has the charisma to influence and guide the team through challenging times.,Leadership
"He has a talent for conflict resolution, which keeps our team cohesive.",Leadership
Team building activities have strengthened our group’s relationship and trust.,Leadership
Accountability and adaptability are key traits of successful leaders.,Leadership
Innovative thinking is what sets her apart as a visionary in her field.,Leadership
Setting clear goals and envisioning the future are part of my leadership strategy.,Leadership
Coaching and mentoring young professionals is a rewarding aspect of management.,Leadership
Effective communication skills are vital for guiding and directing a team.,Leadership
Overseeing multiple projects requires strong organizational skills.,Leadership
Her initiative and assertiveness have driven significant improvements in our processes.,Leadership
Motivational skills are essential for maintaining high team morale.,Leadership
His authoritative yet supportive approach makes him a respected mentor.,Leadership
Leadership is about facilitating growth and empowering others to lead.,Leadership
Strategic thinking has allowed us to navigate complex market challenges successfully.,Leadership
Problem-solving is at the heart of effective leadership.,Leadership
Building relationships with stakeholders is crucial for influential leadership.,Leadership
Resilience and adaptability are necessary to overcome obstacles in management.,Leadership
Persuasion and charisma help in negotiating successful deals.,Leadership
Effective team leadership involves balancing delegation and hands-on support.,Leadership
"She is a pioneer in her field, leading with innovative thinking and vision.",Leadership
Commanding respect through competence and integrity defines strong leadership.,Leadership
The ability to motivate and inspire is what makes a great leader.,Leadership
He has shown remarkable initiative in spearheading new projects.,Leadership
Accountability in leadership means owning both successes and failures.,Leadership
Strategic decision-making has positioned our company as a market leader.,Leadership
Delegation allows leaders to focus on strategic initiatives.,Leadership
Coaching employees to develop their skills is a key leadership responsibility.,Leadership
His ability to adapt and innovate has kept our team ahead of the curve.,Leadership
Effective communication and assertiveness are essential for conflict resolution.,Leadership
Visionary leaders see opportunities where others see challenges.,Leadership
Her influence and guidance have been instrumental in our success.,Leadership
Facilitating open communication builds trust and empowers teams.,Leadership
Innovating and strategizing are crucial for sustainable growth.,Leadership
Good leadership involves both commanding authority and empowering others.,Leadership
He has a unique ability to inspire and motivate the team.,Leadership
Planning and organizing are foundational skills for any leader.,Leadership
Effective mentorship and coaching lead to a more competent workforce.,Leadership
Adaptability and resilience are crucial for leadership in a dynamic environment.,Leadership
His assertiveness and decision-making skills are key to our strategic direction.,Leadership
Building strong relationships is essential for influential leadership.,Leadership
Effective delegation and management maximize team productivity.,Leadership
Leadership involves motivating the team to achieve their highest potential.,Leadership
Strategic thinking and visionary leadership drive innovation.,Leadership
Her charisma and persuasion skills make her an effective negotiator.,Leadership
Problem-solving and initiative are critical for successful management.,Leadership
She led the team through a challenging project with remarkable efficiency.,Leadership
His ability to inspire others resulted in a significant boost in team morale.,Leadership
She consistently provides clear direction and constructive feedback to her team.,Leadership
He demonstrated excellent decision-making skills under pressure.,Leadership
She successfully managed the project's budget and timeline.,Leadership
His strategic vision helped the company achieve its long-term goals.,Leadership
"She effectively resolved conflicts within the team, ensuring smooth collaboration.",Leadership
He empowered his team members to take ownership of their tasks.,Leadership
Her transparent communication style fosters trust and openness.,Leadership
He skillfully navigated the team through organizational changes.,Leadership
She consistently sets a positive example through her work ethic and attitude.,Leadership
He proactively identifies opportunities for team development and growth.,Leadership
Her innovative solutions have driven the team’s success.,Leadership
He maintains a calm and composed demeanor in stressful situations.,Leadership
She encourages creative thinking and problem-solving within the team.,Leadership
He has a talent for recognizing and nurturing individual strengths.,Leadership
She holds regular meetings to ensure everyone is aligned with the team’s goals.,Leadership
He provides mentorship and guidance to junior team members.,Leadership
She takes responsibility for the team’s performance and outcomes.,Leadership
He consistently advocates for his team and their needs.,Leadership
She fosters a collaborative environment where everyone feels valued.,Leadership
He sets clear and achievable goals for the team.,Leadership
She is adept at prioritizing tasks and delegating responsibilities.,Leadership
He regularly seeks feedback to improve team processes and performance.,Leadership
She recognizes and rewards the contributions of her team members.,Leadership
He encourages a culture of continuous learning and improvement.,Leadership
She maintains open lines of communication with all team members.,Leadership
He is adept at mediating and resolving team disputes.,Leadership
"She leads by example, consistently demonstrating the company’s values.",Leadership
He has a keen ability to adapt to changing circumstances.,Leadership
She promotes a positive and inclusive work environment.,Leadership
He demonstrates a strong commitment to the team’s goals.,Leadership
She effectively balances the needs of the team and the organization.,Leadership
He has a clear vision for the team’s future and communicates it effectively.,Leadership
She is skilled at identifying and addressing team challenges.,Leadership
He provides constructive feedback that helps team members grow.,Leadership
She maintains a high level of integrity in all her actions.,Leadership
He is committed to developing the leadership skills of his team.,Leadership
She actively listens to the concerns and suggestions of her team.,Leadership
He is highly organized and ensures the team meets all deadlines.,Leadership
She is proactive in identifying and mitigating risks.,Leadership
He supports a culture of innovation and creativity.,Leadership
She demonstrates resilience in the face of setbacks.,Leadership
He effectively communicates the team’s successes and areas for improvement.,Leadership
She builds strong relationships with other departments to support team goals.,Leadership
He recognizes the importance of work-life balance for his team.,Leadership
She is skilled at managing diverse teams with varying skill sets.,Leadership
He ensures that the team’s objectives are aligned with the company’s mission.,Leadership
She promotes a culture of accountability and responsibility.,Leadership
He is dedicated to the professional development of each team member.,Leadership
She consistently collaborates effectively with her colleagues to achieve common goals.,teamwork
He communicates openly and listens to others’ ideas and concerns.,teamwork
She actively participates in team meetings and contributes valuable insights.,teamwork
He is always willing to help others and share his expertise.,teamwork
She shows respect for her teammates’ opinions and perspectives.,teamwork
"He works harmoniously with others, even in challenging situations.",teamwork
She supports and encourages her team members to succeed.,teamwork
He contributes to a positive and inclusive team environment.,teamwork
She is proactive in identifying and solving team-related issues.,teamwork
He consistently meets his commitments to the team.,teamwork
She values and leverages the diverse skills of her team members.,teamwork
He fosters a spirit of cooperation and mutual support within the team.,teamwork
She effectively mediates conflicts and promotes resolution.,teamwork
He is dependable and can be relied upon by his teammates.,teamwork
She builds strong relationships with her colleagues based on trust.,teamwork
He provides constructive feedback to help the team improve.,teamwork
She recognizes and appreciates the contributions of her teammates.,teamwork
He is flexible and adapts to the needs of the team.,teamwork
She works towards common goals rather than personal achievements.,teamwork
He demonstrates a strong sense of responsibility to the team.,teamwork
She actively seeks out opportunities to collaborate with others.,teamwork
He encourages open communication and values transparency.,teamwork
She is an excellent listener and values others’ input.,teamwork
He is quick to offer assistance and support when needed.,teamwork
She promotes a culture of respect and inclusivity.,teamwork
He is skilled at coordinating and organizing team efforts.,teamwork
She values teamwork and collaboration over individual recognition.,teamwork
He encourages team members to share their ideas and opinions.,teamwork
She helps to create a positive and productive team atmosphere.,teamwork
He is committed to achieving the team’s objectives.,teamwork
She shows empathy and understanding towards her teammates.,teamwork
He actively participates in team-building activities.,teamwork
She takes initiative to improve team processes and efficiency.,teamwork
He demonstrates patience and understanding in team interactions.,teamwork
She helps to identify and resolve team conflicts constructively.,teamwork
He is always ready to support and back up his teammates.,teamwork
She communicates clearly and effectively with her team.,teamwork
He values and respects the contributions of all team members.,teamwork
She promotes a collaborative approach to problem-solving.,teamwork
He is an advocate for team success and cohesion.,teamwork
She consistently demonstrates a cooperative and supportive attitude.,teamwork
He works well with others to achieve shared goals.,teamwork
She is proactive in sharing knowledge and resources with the team.,teamwork
He builds a sense of camaraderie and mutual support within the team.,teamwork
She demonstrates reliability and consistency in her teamwork.,teamwork
He encourages and mentors new team members.,teamwork
She fosters a collaborative and innovative team culture.,teamwork
He actively contributes to the team’s success.,teamwork
She shows dedication to the team’s mission and goals.,teamwork
He values teamwork as a key component of success.,teamwork
Our team collaborates effectively to achieve our shared goals.,teamwork
"By working together, we can accomplish more than working individually.",teamwork
Successful projects require support and cooperation from all team members.,teamwork
We have formed a strong partnership that fosters unity and mutual support.,teamwork
Synergy within the group leads to innovative solutions and better outcomes.,teamwork
Collective effort and collaboration are essential for project success.,teamwork
We share responsibilities and assist each other in meeting deadlines.,teamwork
Combining our skills and expertise results in a more efficient team.,teamwork
Participating actively in team discussions improves our communication.,teamwork
Effective coordination and mutual help ensure smooth project execution.,teamwork
Engaging with team members harmonizes our efforts and builds cohesion.,teamwork
Integrating diverse perspectives strengthens our team's collective intelligence.,teamwork
Collaboration is key to leveraging each member’s strengths.,teamwork
Cooperation and good group dynamics enhance our productivity.,teamwork
Mutual support within the team creates a positive working environment.,teamwork
Our collective effort drives the success of our projects.,teamwork
A unified approach ensures that all team members are aligned with our goals.,teamwork
Building partnerships with other teams expands our capabilities.,teamwork
Synergistic interactions lead to greater creativity and innovation.,teamwork
Harmony and consensus-building are critical for effective teamwork.,teamwork
Trust-building is essential for strong interpersonal skills within the team.,teamwork
Networking with other departments enhances our collaborative efforts.,teamwork
Flexibility and adaptability are important traits for team cohesion.,teamwork
Collective decision-making involves everyone in the problem-solving process.,teamwork
Conflict resolution is easier with open communication and empathy.,teamwork
Task allocation should be done considering each member’s strengths.,teamwork
Unity in diversity enriches our team’s perspectives and ideas.,teamwork
Empathy and active listening improve our understanding of each other.,teamwork
We work towards shared goals to ensure our collective success.,teamwork
Cooperation and group dynamics are crucial for maintaining team harmony.,teamwork
Mutual support during challenging times strengthens our team bond.,teamwork
A cohesive team is more resilient and adaptable to change.,teamwork
Our joint effort results in higher quality outcomes.,teamwork
A unified approach to problem-solving leads to efficient solutions.,teamwork
Building partnerships is vital for long-term success and growth.,teamwork
Synergistic interaction enhances our team's overall performance.,teamwork
Harmony within the team promotes a positive working atmosphere.,teamwork
Consensus-building helps us make decisions that everyone supports.,teamwork
Interpersonal skills are essential for effective team collaboration.,teamwork
Trust-building activities improve our team’s reliability and cohesion.,teamwork
Networking with other professionals provides new opportunities for collaboration.,teamwork
Flexibility in our roles allows us to adapt to changing project needs.,teamwork
Adaptability is key to maintaining team cohesion in dynamic environments.,teamwork
Team cohesion is strengthened by clear communication and mutual respect.,teamwork
Collective decision-making ensures that everyone’s voice is heard.,teamwork
Conflict resolution is achieved through empathy and active listening.,teamwork
Effective task allocation maximizes our team's productivity.,teamwork
Unity in diversity brings different perspectives and ideas to the table.,teamwork
Empathy helps us understand and support each other better.,teamwork
Active listening ensures that all team members feel valued and heard.,teamwork
She clearly articulates her thoughts and ideas in meetings.,communication
He actively listens to others and responds thoughtfully.,communication
She effectively conveys complex information in a simple manner.,communication
He uses appropriate body language to enhance his message.,communication
She is skilled at tailoring her communication style to her audience.,communication
He provides timely and constructive feedback to colleagues.,communication
She ensures that everyone is on the same page by summarizing key points.,communication
He asks clarifying questions to avoid misunderstandings.,communication
She communicates expectations clearly and consistently.,communication
He is adept at using visual aids to support his presentations.,communication
She engages her audience and maintains their interest.,communication
He is open to receiving feedback and uses it to improve.,communication
She uses positive language to build rapport and trust.,communication
He communicates with confidence and authority.,communication
She is proactive in sharing important updates with her team.,communication
He maintains eye contact to show attentiveness and respect.,communication
She ensures her messages are concise and to the point.,communication
He is skilled at facilitating group discussions.,communication
She actively participates in conversations and encourages others to do the same.,communication
He provides regular progress updates to stakeholders.,communication
She handles difficult conversations with tact and sensitivity.,communication
He uses humor appropriately to lighten the mood.,communication
She is effective in both verbal and written communication.,communication
He takes the time to explain the reasoning behind his decisions.,communication
She addresses conflicts directly and constructively.,communication
He is skilled at communicating across different departments.,communication
She uses storytelling to make her points more relatable.,communication
He communicates deadlines and expectations clearly to his team.,communication
She ensures her emails are professional and well-structured.,communication
He follows up on conversations to ensure understanding.,communication
She adapts her communication style to different cultural contexts.,communication
He uses active listening to fully understand others' perspectives.,communication
She provides clear and detailed instructions.,communication
He is able to communicate technical information to non-technical audiences.,communication
She confirms understanding by asking others to repeat key points.,communication
He communicates praise and recognition for good work.,communication
She uses appropriate tone and language in all forms of communication.,communication
He handles questions and objections with patience.,communication
She maintains an open-door policy for communication.,communication
He communicates changes and updates promptly.,communication
She prepares thoroughly for presentations and meetings.,communication
He uses feedback to continuously improve his communication skills.,communication
She ensures her messages align with organizational values.,communication
He communicates effectively during crises and emergencies.,communication
She uses visual and multimedia tools to enhance communication.,communication
He fosters open and honest communication within the team.,communication
She ensures that remote team members are kept in the loop.,communication
He uses clear and concise language to avoid confusion.,communication
She is approachable and easy to talk to.,communication
He builds strong communication channels with external partners.,communication
Effective leaders must communicate clearly to ensure their vision is understood by all team members.,communication
Articulate your thoughts precisely to avoid misunderstandings in discussions.,communication
Good listening skills are essential for building strong interpersonal relationships.,communication
Providing a clear and concise explanation can enhance comprehension and retention of information.,communication
Engaging in discussions with an open mind can lead to more productive outcomes.,communication
Convey your message effectively to ensure it resonates with your audience.,communication
Expressing your emotions can help build rapport and trust with others.,communication
Reporting on project progress regularly keeps stakeholders informed and engaged.,communication
Announcing new policies transparently can help in gaining acceptance and adherence.,communication
Inform your colleagues about important updates to maintain smooth operations.,communication
A brief overview of the agenda helps in setting the context for meetings.,communication
Present your ideas confidently to persuade your audience.,communication
Engaging in a dialogue promotes mutual understanding and respect.,communication
Negotiating with empathy and patience can lead to win-win solutions.,communication
Persuade your audience by presenting well-structured arguments and evidence.,communication
Describe complex concepts using simple language to ensure clarity.,communication
Sharing your experiences can inspire and motivate others.,communication
Clarify any doubts immediately to prevent confusion later on.,communication
Debating different perspectives can lead to innovative solutions.,communication
Addressing the concerns of your team shows that you value their input.,communication
Speak with confidence to command attention and respect.,communication
Corresponding regularly with clients builds strong business relationships.,communication
Interact with your peers to foster a collaborative environment.,communication
Articulation is key to ensuring your message is understood as intended.,communication
Clarity in communication reduces the chances of misinterpretation.,communication
Conciseness in your reports makes them easier to read and comprehend.,communication
Persuasion skills are crucial for convincing stakeholders to support your ideas.,communication
Presentation skills are essential for effectively conveying your message to an audience.,communication
Expressiveness can make your storytelling more engaging and relatable.,communication
Listening skills enable you to understand the needs and concerns of others.,communication
Rapport-building techniques help in creating a positive and productive work atmosphere.,communication
Storytelling can be a powerful tool to convey complex ideas in an engaging manner.,communication
Effective dialogue encourages open communication and collaboration.,communication
Verbal communication is fundamental for conveying ideas and emotions.,communication
"Nonverbal communication, such as body language, complements verbal interactions.",communication
Interpersonal communication skills are vital for maintaining healthy relationships.,communication
Written communication is crucial for documenting and sharing information.,communication
Negotiation skills help in reaching agreements that satisfy all parties involved.,communication
Conflict resolution techniques are essential for maintaining harmony in the workplace.,communication
Diplomacy in communication can prevent conflicts and promote cooperation.,communication
Empathy allows you to connect with others on an emotional level.,communication
Cultural sensitivity ensures your message is respectful and inclusive.,communication
Assertiveness helps in standing up for your rights while respecting others.,communication
Providing constructive feedback promotes personal and professional growth.,communication
Influence others by demonstrating expertise and building trust.,communication
Collaboration is enhanced by open and effective communication.,communication
Active listening involves fully concentrating on what is being said.,communication
Problem-solving requires clear communication to identify and address issues.,communication
Verbal articulation ensures that your speech is understood by all.,communication
Effective communication fosters a productive and harmonious work environment.,communication
Her positive attitude brightened the entire office.,positive_attitude
He always approaches challenges with an enthusiastic mindset.,positive_attitude
An optimistic outlook can help overcome even the toughest obstacles.,positive_attitude
The energetic team completed the project ahead of schedule.,positive_attitude
A can-do spirit is essential for tackling difficult tasks.,positive_attitude
Her upbeat personality makes her a joy to be around.,positive_attitude
"Despite the setbacks, he remained cheerful and hopeful.",positive_attitude
She exudes confidence in every aspect of her work.,positive_attitude
Maintaining a hopeful attitude can inspire others to do the same.,positive_attitude
His motivated approach drives the team to achieve more.,positive_attitude
A happy workplace boosts productivity and morale.,positive_attitude
Their joyful celebration was infectious and uplifting.,positive_attitude
Her lively presentation captivated the audience.,positive_attitude
The bright future of the company looks promising.,positive_attitude
Encouraging words can have a powerful impact on someone’s day.,positive_attitude
She gave an inspiring speech that moved everyone in the room.,positive_attitude
The vibrant colors of the painting brought the room to life.,positive_attitude
His dynamic leadership style motivates everyone to excel.,positive_attitude
She is passionate about her work and it shows.,positive_attitude
Resilient individuals bounce back quickly from setbacks.,positive_attitude
His determined efforts led to a successful outcome.,positive_attitude
A proactive approach prevents problems before they arise.,positive_attitude
She is always eager to take on new challenges.,positive_attitude
His zealous nature drives him to constantly improve.,positive_attitude
The spirited team cheered loudly for their victory.,positive_attitude
Optimism can be contagious and spread positivity.,positive_attitude
Enthusiasm for learning opens doors to new opportunities.,positive_attitude
The energy in the room was palpable during the event.,positive_attitude
Positivity can transform a negative situation into a positive one.,positive_attitude
A can-do attitude inspires confidence and trust.,positive_attitude
Resilience helps people endure difficult times with grace.,positive_attitude
Determination is key to achieving long-term goals.,positive_attitude
Proactivity involves taking initiative to make things happen.,positive_attitude
His zeal for life is truly admirable.,positive_attitude
Her passion for teaching is evident in her dedication.,positive_attitude
Happiness is found in appreciating the little things in life.,positive_attitude
Joy can be found in everyday moments and interactions.,positive_attitude
Cheerfulness brings light to even the darkest days.,positive_attitude
Confidence comes from believing in oneself and one’s abilities.,positive_attitude
Hopefulness provides strength during challenging times.,positive_attitude
Self-motivation drives individuals to achieve their personal best.,positive_attitude
Encouragement can lift someone’s spirits and boost their confidence.,positive_attitude
Inspirational stories have the power to change lives.,positive_attitude
The vibrancy of the festival attracted people from all over.,positive_attitude
Dynamic individuals adapt quickly to changing circumstances.,positive_attitude
A bright outlook on life leads to greater happiness.,positive_attitude
Self-belief is crucial for overcoming doubts and fears.,positive_attitude
Taking initiative shows leadership and responsibility.,positive_attitude
Ambition fuels the desire to achieve great things.,positive_attitude
His drive to succeed is unmatched and truly inspiring.,positive_attitude
She always approaches challenges with a can-do attitude.,positive_attitude
He remains optimistic even during difficult times.,positive_attitude
She consistently brings positive energy to the workplace.,positive_attitude
He encourages his team with his upbeat demeanor.,positive_attitude
She views setbacks as opportunities to learn and grow.,positive_attitude
"He maintains a cheerful disposition, which boosts team morale.",positive_attitude
She is always willing to help others with a smile.,positive_attitude
He looks for the good in every situation.,positive_attitude
She inspires others with her positive outlook.,positive_attitude
He handles criticism constructively and with grace.,positive_attitude
She celebrates the successes of her colleagues genuinely.,positive_attitude
He spreads positivity through his words and actions.,positive_attitude
She remains composed and positive under pressure.,positive_attitude
He expresses gratitude regularly and sincerely.,positive_attitude
She finds joy in her work and it shows.,positive_attitude
He motivates others with his enthusiasm.,positive_attitude
She focuses on solutions rather than problems.,positive_attitude
"He brings a sense of humor to the workplace, lightening the mood.",positive_attitude
She supports her team members with encouragement and positivity.,positive_attitude
He shows appreciation for the efforts of his colleagues.,positive_attitude
She embraces change with an open and positive mindset.,positive_attitude
He sets a positive example for others to follow.,positive_attitude
She starts each day with a positive attitude.,positive_attitude
He treats everyone with respect and kindness.,positive_attitude
She remains hopeful and forward-thinking.,positive_attitude
He turns negative situations into opportunities for improvement.,positive_attitude
"She stays focused on the positives, even when faced with adversity.",positive_attitude
He keeps his team motivated with his positive reinforcement.,positive_attitude
She takes pride in her work and it is reflected in her attitude.,positive_attitude
He radiates confidence and positivity.,positive_attitude
She welcomes new ideas and perspectives with enthusiasm.,positive_attitude
"He maintains a positive attitude towards all tasks, big or small.",positive_attitude
She encourages a positive work environment for everyone.,positive_attitude
He addresses challenges with a proactive and positive approach.,positive_attitude
She is known for her infectious positivity and energy.,positive_attitude
He stays positive and encourages others to do the same.,positive_attitude
She uplifts her colleagues with her positive feedback.,positive_attitude
He remains hopeful and confident about future outcomes.,positive_attitude
She turns obstacles into opportunities for growth.,positive_attitude
He builds strong relationships through his positive interactions.,positive_attitude
"She finds ways to stay positive, even in stressful situations.",positive_attitude
He leads by example with his optimistic attitude.,positive_attitude
She promotes a culture of positivity and encouragement.,positive_attitude
He takes initiative with a positive and enthusiastic approach.,positive_attitude
She faces difficulties with a smile and a solution-oriented mindset.,positive_attitude
He spreads good vibes throughout the office.,positive_attitude
She encourages teamwork with her positive attitude.,positive_attitude
He believes in the potential of his team and shows it.,positive_attitude
She brings out the best in others through her positivity.,positive_attitude
"He maintains a positive outlook, no matter the circumstance.",positive_attitude
