Type,Description,Link,,,,,,,,,,,,,,,,,,,
INTJ,"Strengths: Strategic thinkers, logical, future-oriented, and independent. Weaknesses: May seem overly critical, emotionally distant, and stubborn.",https://www.16personalities.com/intj-personality,,,,,,,,,,,,,,,,,,,
INTP,"Strengths: Analytical, abstract thinkers, innovative, and logical. Weaknesses: Can be detached, indecisive, and struggle with practical matters.",https://www.16personalities.com/intp-personality,,,,,,,,,,,,,,,,,,,
ENTJ,"Strengths: Confident leaders, decisive, efficient, and strategic. Weaknesses: Can be dominating, insensitive, and overly focused on work.",https://www.16personalities.com/entj-personality,,,,,,,,,,,,,,,,,,,
ENTP,"Strengths: Innovative, curious, great debaters, and problem-solvers. Weaknesses: May be argumentative, easily bored, and non-conformist.",https://www.16personalities.com/entp-personality,,,,,,,,,,,,,,,,,,,
INFJ,"Strengths: Insightful, principled, moral, and empathetic. Weaknesses: Can be overly idealistic, sensitive, and perfectionistic.",https://www.16personalities.com/infj-personality,,,,,,,,,,,,,,,,,,,
INFP,"Strengths: Idealistic, empathetic, guided by core values, and creative. Weaknesses: Can be impractical, overly emotional, and avoid conflict.",https://www.16personalities.com/infp-personality,,,,,,,,,,,,,,,,,,,
ENFJ,"Strengths: Charismatic, inspiring, natural leaders, and community-focused. Weaknesses: Can be overly selfless, manipulative, and struggle with criticism.",https://www.16personalities.com/enfj-personality,,,,,,,,,,,,,,,,,,,
ENFP,"Strengths: Enthusiastic, creative, value freedom, and individualistic. Weaknesses: Can be easily distracted, lack focus, and struggle with follow-through.",https://www.16personalities.com/enfp-personality,,,,,,,,,,,,,,,,,,,
ISTJ,"Strengths: Responsible, methodical, dutiful, and organized. Weaknesses: Can be rigid, inflexible, and struggle with change.",https://www.16personalities.com/istj-personality,,,,,,,,,,,,,,,,,,,
ISFJ,"Strengths: Nurturing, dependable, loyal, and detail-oriented. Weaknesses: Can be overly humble, resistant to change, and avoid confrontation.",https://www.16personalities.com/isfj-personality,,,,,,,,,,,,,,,,,,,
ESTJ,"Strengths: Organized, efficient, value tradition, and strong-willed. Weaknesses: Can be stubborn, insensitive, and overly controlling.",https://www.16personalities.com/estj-personality,,,,,,,,,,,,,,,,,,,
ESFJ,"Strengths: Warm, caring, socially harmonious, and supportive. Weaknesses: Can be needy, approval-seeking, and struggle with criticism.",https://www.16personalities.com/esfj-personality,,,,,,,,,,,,,,,,,,,
ISTP,"Strengths: Pragmatic, flexible, hands-on, and independent. Weaknesses: Can be aloof, risk-taking, and struggle with planning.",https://www.16personalities.com/istp-personality,,,,,,,,,,,,,,,,,,,
ISFP,"Strengths: Gentle, sensitive, value harmony, and creative. Weaknesses: Can be overly modest, unpredictable, and avoid conflict.",https://www.16personalities.com/isfp-personality,,,,,,,,,,,,,,,,,,,
ESTP,"Strengths: Energetic, perceptive, action-oriented, and adventurous. Weaknesses: Can be impulsive, risk-prone, and struggle with long-term planning.",https://www.16personalities.com/estp-personality,,,,,,,,,,,,,,,,,,,
ESFP,"Strengths: Outgoing, spontaneous, live in the moment, and enjoy life. Weaknesses: Can be attention-seeking, easily bored, and avoid responsibilities.",https://www.16personalities.com/esfp-personality,,,,,,,,,,,,,,,,,,,
